Date,Open,High,Low,Close,Volume,Market Cap
"Jun 30, 2017",0.002268,0.002278,0.001799,0.001856,1252110,415252000
"Jun 29, 2017",0.002326,0.002644,0.002203,0.002256,4828020,425809000
"Jun 28, 2017",0.002296,0.002363,0.002128,0.002300,2606850,420324000
"Jun 27, 2017",0.002371,0.002406,0.001824,0.002261,2587810,434077000
"Jun 26, 2017",0.002499,0.002715,0.002061,0.002371,2803190,457530000
"Jun 25, 2017",0.002676,0.002786,0.002457,0.002515,1665450,489775000
"Jun 24, 2017",0.002806,0.003006,0.002664,0.002717,2642040,513634000
"Jun 23, 2017",0.002565,0.002935,0.002522,0.002807,2088740,469434000
"Jun 22, 2017",0.002532,0.002779,0.002468,0.002563,2459520,463482000
"Jun 21, 2017",0.002806,0.002846,0.002430,0.002536,2646230,513573000
"Jun 20, 2017",0.002719,0.002888,0.002425,0.002824,3077670,497736000
"Jun 19, 2017",0.002638,0.003082,0.002372,0.002634,4734370,482909000
"Jun 18, 2017",0.003107,0.003107,0.002626,0.002626,3957140,568652000
"Jun 17, 2017",0.002648,0.003211,0.002648,0.003107,8668140,484727000
"Jun 16, 2017",0.002328,0.002677,0.002266,0.002648,3600420,426035000
"Jun 15, 2017",0.002492,0.002492,0.002061,0.002343,2212280,456136000
"Jun 14, 2017",0.003197,0.003262,0.002314,0.002494,3160670,585041000
"Jun 13, 2017",0.002903,0.003303,0.002852,0.003198,2890230,531231000
"Jun 12, 2017",0.003444,0.003481,0.002743,0.002935,2294970,630192000
"Jun 11, 2017",0.003554,0.003627,0.003324,0.003400,2610570,650456000
"Jun 10, 2017",0.003621,0.003787,0.002757,0.003582,4231220,662627000
"Jun 09, 2017",0.003564,0.003679,0.002737,0.002785,1632920,652109000
"Jun 08, 2017",0.003419,0.003696,0.003246,0.003570,3629790,625656000
"Jun 07, 2017",0.002848,0.003723,0.002760,0.003397,4709230,521077000
"Jun 06, 2017",0.002806,0.003555,0.002710,0.002884,1921530,513505000
"Jun 05, 2017",0.002531,0.002830,0.002518,0.002799,2159690,463063000
"Jun 04, 2017",0.002638,0.002791,0.002396,0.002515,2116070,482771000
"Jun 03, 2017",0.003728,0.003774,0.002321,0.002682,2304060,682077000
"Jun 02, 2017",0.001968,0.003967,0.001966,0.003683,23590900,360045000
"Jun 01, 2017",0.002186,0.002653,0.001941,0.001983,1123380,399992000
"May 31, 2017",0.002204,0.002298,0.002087,0.002177,4469060,403212000
"May 30, 2017",0.002429,0.002737,0.002175,0.002179,5346570,444433000
"May 29, 2017",0.002528,0.002576,0.002367,0.002451,4576010,462496000
"May 28, 2017",0.002489,0.002830,0.002058,0.002539,5675340,455346000
"May 27, 2017",0.001977,0.002889,0.001781,0.002475,6772810,361651000
"May 26, 2017",0.002465,0.003679,0.002131,0.002176,1679820,450989000
"May 25, 2017",0.002434,0.003259,0.002224,0.002447,1039700,445344000
"May 24, 2017",0.003725,0.003958,0.002263,0.002513,2351110,681446000
"May 23, 2017",0.003577,0.004052,0.003463,0.003803,12918600,654294000
"May 22, 2017",0.003802,0.004838,0.002991,0.003567,33046600,695459000
"May 21, 2017",0.002351,0.004454,0.002313,0.003822,4276130,429998000
"May 20, 2017",0.001347,0.002429,0.001345,0.002370,18506000,246375000
"May 19, 2017",0.001553,0.001682,0.001120,0.001346,2015260,284030000
"May 18, 2017",0.001811,0.002543,0.001093,0.001652,37469500,331226000
"May 17, 2017",0.000764,0.001853,0.000621,0.001839,33245300,139768000
"May 16, 2017",0.000449,0.000849,0.000423,0.000799,3867430,82107900
"May 15, 2017",0.000466,0.000484,0.000425,0.000466,269608,85189300
"May 14, 2017",0.000446,0.000489,0.000432,0.000466,356941,81481600
"May 13, 2017",0.000476,0.000489,0.000439,0.000462,398589,87109800
"May 12, 2017",0.000475,0.000511,0.000455,0.000476,362150,86894300
"May 11, 2017",0.000511,0.000557,0.000474,0.000475,573923,93380100
"May 10, 2017",0.000474,0.000595,0.000457,0.000527,953122,86658600
"May 09, 2017",0.000568,0.000593,0.000427,0.000456,1017770,103949000
"May 08, 2017",0.000606,0.000645,0.000480,0.000568,2800300,110725000
"May 07, 2017",0.000299,0.000641,0.000284,0.000605,9611360,54743300
"May 06, 2017",0.000233,0.000299,0.000219,0.000299,537801,42665900
"May 05, 2017",0.000231,0.000258,0.000218,0.000233,134910,42177000
"May 04, 2017",0.000238,0.000257,0.000216,0.000230,140733,43427700
"May 03, 2017",0.000218,0.000238,0.000204,0.000224,70442,39867300
"May 02, 2017",0.000213,0.000246,0.000204,0.000218,132764,38981200
"May 01, 2017",0.000215,0.000286,0.000202,0.000227,506091,39267100
"Apr 30, 2017",0.000185,0.000215,0.000184,0.000202,100019,33809500
"Apr 29, 2017",0.000184,0.000198,0.000173,0.000185,57327,33643100
"Apr 28, 2017",0.000172,0.000196,0.000169,0.000184,61548,31454000
"Apr 27, 2017",0.000179,0.000185,0.000167,0.000172,35879,32801300
"Apr 26, 2017",0.000177,0.000193,0.000167,0.000192,61918,32373300
"Apr 25, 2017",0.000175,0.000189,0.000163,0.000177,51382,31955100
"Apr 24, 2017",0.000158,0.000186,0.000158,0.000186,32498,28960200
"Apr 23, 2017",0.000173,0.000185,0.000158,0.000169,61899,31658300
"Apr 22, 2017",0.000183,0.000196,0.000170,0.000173,36433,33506200
"Apr 21, 2017",0.000184,0.000197,0.000171,0.000183,62890,33695600
"Apr 20, 2017",0.000181,0.000207,0.000169,0.000196,145192,33131500
"Apr 19, 2017",0.000205,0.000206,0.000158,0.000181,227390,37488700
"Apr 18, 2017",0.000203,0.000218,0.000183,0.000205,162648,37077100
"Apr 17, 2017",0.000189,0.000269,0.000176,0.000214,899304,34505200
"Apr 16, 2017",0.000141,0.000212,0.000131,0.000200,521042,25773700
"Apr 15, 2017",0.000140,0.000143,0.000130,0.000131,116730,25620500
"Apr 14, 2017",0.000151,0.000163,0.000129,0.000140,197380,27556400
"Apr 13, 2017",0.000132,0.000162,0.000129,0.000151,154737,24101800
"Apr 12, 2017",0.000142,0.000142,0.000131,0.000132,47206,25892300
"Apr 11, 2017",0.000141,0.000143,0.000131,0.000142,34268,25848600
"Apr 10, 2017",0.000130,0.000142,0.000119,0.000131,55222,23803600
"Apr 09, 2017",0.000118,0.000142,0.000118,0.000130,47959,21585600
"Apr 08, 2017",0.000127,0.000131,0.000116,0.000118,23935,23239000
"Apr 07, 2017",0.000138,0.000138,0.000108,0.000128,66058,25244800
"Apr 06, 2017",0.000146,0.000148,0.000127,0.000130,47901,26610500
"Apr 05, 2017",0.000141,0.000151,0.000135,0.000146,47245,25796100
"Apr 04, 2017",0.000142,0.000154,0.000132,0.000141,55268,26031600
"Apr 03, 2017",0.000156,0.000162,0.000129,0.000152,144607,28573300
"Apr 02, 2017",0.000192,0.000197,0.000136,0.000156,242886,34994100
"Apr 01, 2017",0.000170,0.000194,0.000154,0.000194,236356,31013500
"Mar 31, 2017",0.000135,0.000192,0.000116,0.000165,393423,24724800
"Mar 30, 2017",0.000141,0.000204,0.000108,0.000172,32436,25760600
"Mar 29, 2017",0.000256,0.000288,0.000107,0.000137,1093670,46833900
"Mar 28, 2017",0.000052,0.000445,0.000043,0.000257,5614880,9527800
"Mar 27, 2017",0.000048,0.000052,0.000039,0.000052,21644,8857890
"Mar 26, 2017",0.000040,0.000050,0.000038,0.000048,6476,7220580
"Mar 25, 2017",0.000040,0.000048,0.000038,0.000040,4392,7235900
"Mar 24, 2017",0.000042,0.000050,0.000040,0.000040,7446,7697080
"Mar 23, 2017",0.000051,0.000051,0.000042,0.000042,3226,9258960
"Mar 22, 2017",0.000045,0.000051,0.000041,0.000051,3977,8256310
"Mar 21, 2017",0.000044,0.000047,0.000043,0.000045,21140,7995300
"Mar 20, 2017",0.000043,0.000044,0.000042,0.000044,29355,7787200
"Mar 19, 2017",0.000042,0.000045,0.000040,0.000042,34101,7685200
"Mar 18, 2017",0.000046,0.000050,0.000039,0.000042,5451,8349220
"Mar 17, 2017",0.000055,0.000057,0.000046,0.000046,63823,10055700
"Mar 16, 2017",0.000051,0.000060,0.000048,0.000056,35156,9294130
"Mar 15, 2017",0.000051,0.000052,0.000050,0.000051,59070,9235760
"Mar 14, 2017",0.000050,0.000053,0.000049,0.000051,101430,9070520
"Mar 13, 2017",0.000049,0.000060,0.000045,0.000049,34697,8913740
"Mar 12, 2017",0.000054,0.000056,0.000045,0.000049,1301,9846040
"Mar 11, 2017",0.000045,0.000054,0.000045,0.000054,2019,8197340
"Mar 10, 2017",0.000048,0.000060,0.000044,0.000045,1658,8684270
"Mar 09, 2017",0.000046,0.000059,0.000046,0.000057,6989,8400550
"Mar 08, 2017",0.000058,0.000059,0.000046,0.000046,2566,10649600
"Mar 07, 2017",0.000061,0.000061,0.000048,0.000058,2624,11129200
"Mar 06, 2017",0.000051,0.000063,0.000051,0.000051,1480,9313320
"Mar 05, 2017",0.000050,0.000062,0.000050,0.000061,3964,9159120
"Mar 04, 2017",0.000061,0.000062,0.000050,0.000050,40966,11213900
"Mar 03, 2017",0.000062,0.000062,0.000060,0.000061,89441,11290500
"Mar 02, 2017",0.000060,0.000063,0.000058,0.000062,52939,10997200
"Mar 01, 2017",0.000057,0.000060,0.000056,0.000060,17099,10389800
"Feb 28, 2017",0.000060,0.000061,0.000057,0.000057,25567,11040900
"Feb 27, 2017",0.000056,0.000061,0.000056,0.000060,71804,10210000
"Feb 26, 2017",0.000057,0.000058,0.000046,0.000056,12636,10436500
"Feb 25, 2017",0.000058,0.000059,0.000046,0.000057,7350,10672000
"Feb 24, 2017",0.000059,0.000060,0.000047,0.000059,5255,10695900
"Feb 23, 2017",0.000054,0.000059,0.000051,0.000059,1625,9803480
"Feb 22, 2017",0.000052,0.000056,0.000052,0.000054,11473,9560130
"Feb 21, 2017",0.000051,0.000055,0.000051,0.000052,12428,9389250
"Feb 20, 2017",0.000052,0.000053,0.000051,0.000051,12049,9444200
"Feb 19, 2017",0.000052,0.000053,0.000051,0.000052,31919,9539400
"Feb 18, 2017",0.000053,0.000054,0.000052,0.000052,38929,9607210
"Feb 17, 2017",0.000052,0.000056,0.000050,0.000053,48511,9477300
"Feb 16, 2017",0.000051,0.000055,0.000048,0.000055,9028,9253020
"Feb 15, 2017",0.000047,0.000054,0.000047,0.000051,25071,8566820
"Feb 14, 2017",0.000050,0.000057,0.000044,0.000047,25273,9056220
"Feb 13, 2017",0.000052,0.000054,0.000045,0.000045,8883,9524040
"Feb 12, 2017",0.000055,0.000055,0.000050,0.000052,9296,10058600
"Feb 11, 2017",0.000050,0.000055,0.000048,0.000055,12081,9061070
"Feb 10, 2017",0.000050,0.000054,0.000047,0.000050,8463,9119960
"Feb 09, 2017",0.000054,0.000059,0.000048,0.000050,7135,9778380
"Feb 08, 2017",0.000053,0.000059,0.000048,0.000053,10689,9748280
"Feb 07, 2017",0.000057,0.000059,0.000053,0.000053,14215,10445700
"Feb 06, 2017",0.000057,0.000058,0.000054,0.000057,11702,10467000
"Feb 05, 2017",0.000059,0.000059,0.000053,0.000057,8366,10722500
"Feb 04, 2017",0.000054,0.000059,0.000053,0.000057,9867,9804080
"Feb 03, 2017",0.000051,0.000058,0.000050,0.000054,12571,9285040
"Feb 02, 2017",0.000056,0.000059,0.000050,0.000051,12177,10252600
"Feb 01, 2017",0.000057,0.000059,0.000049,0.000056,15916,10392900
"Jan 31, 2017",0.000056,0.000061,0.000049,0.000057,27342,10291400
"Jan 30, 2017",0.000058,0.000061,0.000055,0.000058,25599,10553000
"Jan 29, 2017",0.000061,0.000063,0.000055,0.000058,35342,11076600
"Jan 28, 2017",0.000056,0.000063,0.000052,0.000061,33571,10251200
"Jan 27, 2017",0.000056,0.000063,0.000048,0.000056,35867,10195900
"Jan 26, 2017",0.000050,0.000057,0.000045,0.000056,13014,9164150
"Jan 25, 2017",0.000045,0.000052,0.000045,0.000050,1854,8139300
"Jan 24, 2017",0.000047,0.000053,0.000045,0.000045,1254,8486800
"Jan 23, 2017",0.000046,0.000053,0.000046,0.000046,1006,8473030
"Jan 22, 2017",0.000046,0.000055,0.000045,0.000046,902,8395190
"Jan 21, 2017",0.000045,0.000054,0.000045,0.000046,461,8224180
"Jan 20, 2017",0.000046,0.000052,0.000045,0.000045,787,8476240
"Jan 19, 2017",0.000046,0.000052,0.000044,0.000047,977,8396750
"Jan 18, 2017",0.000046,0.000054,0.000043,0.000049,1194,8344520
"Jan 17, 2017",0.000044,0.000053,0.000043,0.000046,1534,7943900
"Jan 16, 2017",0.000042,0.000049,0.000041,0.000043,5046,7564670
"Jan 15, 2017",0.000042,0.000048,0.000041,0.000042,1617,7609480
"Jan 14, 2017",0.000043,0.000049,0.000041,0.000042,1091,7861240
"Jan 13, 2017",0.000041,0.000045,0.000039,0.000043,4490,7480050
"Jan 12, 2017",0.000041,0.000047,0.000039,0.000041,817,7446210
"Jan 11, 2017",0.000047,0.000052,0.000040,0.000042,658,8580150
"Jan 10, 2017",0.000046,0.000054,0.000046,0.000048,688,8455700
"Jan 09, 2017",0.000047,0.000053,0.000045,0.000046,1102,8628560
"Jan 08, 2017",0.000054,0.000055,0.000045,0.000050,1230,9817960
"Jan 07, 2017",0.000053,0.000054,0.000041,0.000054,2289,9689490
"Jan 06, 2017",0.000053,0.000061,0.000046,0.000053,700,9616620
"Jan 05, 2017",0.000060,0.000069,0.000047,0.000053,2335,10929600
"Jan 04, 2017",0.000054,0.000067,0.000054,0.000060,3903,9797520
"Jan 03, 2017",0.000059,0.000064,0.000054,0.000054,1753,10709500
"Jan 02, 2017",0.000058,0.000061,0.000052,0.000059,27320,10573400
"Jan 01, 2017",0.000049,0.000058,0.000049,0.000058,488,8963960
"Dec 31, 2016",0.000057,0.000066,0.000048,0.000049,2322,10413200
"Dec 30, 2016",0.000058,0.000065,0.000050,0.000057,3861,10638600
"Dec 29, 2016",0.000044,0.000060,0.000044,0.000057,52539,8026540
"Dec 28, 2016",0.000047,0.000049,0.000040,0.000044,832,8511280
"Dec 27, 2016",0.000046,0.000055,0.000039,0.000039,2583,8317810
"Dec 26, 2016",0.000045,0.000053,0.000045,0.000046,498,8260000
"Dec 25, 2016",0.000045,0.000047,0.000044,0.000045,3703,8281740
"Dec 24, 2016",0.000052,0.000052,0.000044,0.000046,682,9462730
"Dec 23, 2016",0.000050,0.000052,0.000044,0.000047,981,9129540
"Dec 22, 2016",0.000042,0.000051,0.000042,0.000050,1197,7663970
"Dec 21, 2016",0.000040,0.000048,0.000040,0.000042,831,7323720
"Dec 20, 2016",0.000041,0.000047,0.000040,0.000040,442,7402940
"Dec 19, 2016",0.000047,0.000047,0.000040,0.000041,43898,8488400
"Dec 18, 2016",0.000040,0.000047,0.000039,0.000047,582,7211800
"Dec 17, 2016",0.000039,0.000046,0.000039,0.000040,124,7167670
"Dec 16, 2016",0.000039,0.000045,0.000039,0.000039,667,7135070
"Dec 15, 2016",0.000040,0.000046,0.000039,0.000039,599,7204680
"Dec 14, 2016",0.000039,0.000046,0.000039,0.000040,518,7164520
"Dec 13, 2016",0.000044,0.000045,0.000040,0.000040,849,7969350
"Dec 12, 2016",0.000041,0.000046,0.000040,0.000044,1018,7547400
"Dec 11, 2016",0.000043,0.000046,0.000041,0.000041,237,7795640
"Dec 10, 2016",0.000041,0.000047,0.000040,0.000043,808,7456560
"Dec 09, 2016",0.000040,0.000047,0.000040,0.000047,1693,7215670
"Dec 08, 2016",0.000045,0.000046,0.000039,0.000040,975,8251300
"Dec 07, 2016",0.000045,0.000046,0.000038,0.000045,1862,8222300
"Dec 06, 2016",0.000045,0.000045,0.000038,0.000045,991,8229320
"Dec 05, 2016",0.000041,0.000045,0.000038,0.000045,907,7451560
"Dec 04, 2016",0.000041,0.000046,0.000040,0.000041,266,7522300
"Dec 03, 2016",0.000046,0.000046,0.000040,0.000041,949,8293960
"Dec 02, 2016",0.000045,0.000053,0.000039,0.000046,983,8276400
"Dec 01, 2016",0.000051,0.000052,0.000038,0.000045,2450,9327540
"Nov 30, 2016",0.000044,0.000052,0.000038,0.000051,3291,8055860
"Nov 29, 2016",0.000044,0.000044,0.000038,0.000040,346,8026150
"Nov 28, 2016",0.000044,0.000051,0.000038,0.000044,1196,8016230
"Nov 27, 2016",0.000044,0.000050,0.000039,0.000044,271,8031800
"Nov 26, 2016",0.000050,0.000051,0.000039,0.000044,312,9148230
"Nov 25, 2016",0.000044,0.000050,0.000044,0.000050,508,8087050
"Nov 24, 2016",0.000049,0.000050,0.000044,0.000044,388,8852590
"Nov 23, 2016",0.000045,0.000052,0.000044,0.000049,309,8267610
"Nov 22, 2016",0.000051,0.000051,0.000045,0.000045,1267,9219000
"Nov 21, 2016",0.000044,0.000051,0.000044,0.000051,414,8044110
"Nov 20, 2016",0.000053,0.000053,0.000043,0.000044,6548,9565760
"Nov 19, 2016",0.000058,0.000060,0.000045,0.000053,1397,10527900
"Nov 18, 2016",0.000052,0.000058,0.000052,0.000058,367,9443460
"Nov 17, 2016",0.000059,0.000059,0.000052,0.000052,2834,10656200
"Nov 16, 2016",0.000051,0.000059,0.000050,0.000059,2347,9240290
"Nov 15, 2016",0.000049,0.000057,0.000049,0.000051,2024,8973520
"Nov 14, 2016",0.000049,0.000059,0.000048,0.000049,4732,8886710
"Nov 13, 2016",0.000049,0.000055,0.000048,0.000054,1115,8962920
"Nov 12, 2016",0.000051,0.000057,0.000049,0.000049,2214,9197890
"Nov 11, 2016",0.000050,0.000060,0.000049,0.000051,1392,9082270
"Nov 10, 2016",0.000051,0.000057,0.000049,0.000050,4241,9208420
"Nov 09, 2016",0.000050,0.000058,0.000050,0.000051,1304,9049460
"Nov 08, 2016",0.000056,0.000056,0.000050,0.000050,1909,10138000
"Nov 07, 2016",0.000056,0.000062,0.000050,0.000056,1446,10266200
"Nov 06, 2016",0.000056,0.000057,0.000050,0.000056,436,10115300
"Nov 05, 2016",0.000056,0.000061,0.000050,0.000056,594,10147400
"Nov 04, 2016",0.000054,0.000061,0.000049,0.000056,985,9866840
"Nov 03, 2016",0.000059,0.000064,0.000049,0.000054,1988,10781500
"Nov 02, 2016",0.000058,0.000065,0.000058,0.000059,1364,10629200
"Nov 01, 2016",0.000056,0.000064,0.000056,0.000058,1177,10241000
"Oct 31, 2016",0.000056,0.000063,0.000056,0.000056,1062,10251500
"Oct 30, 2016",0.000057,0.000064,0.000056,0.000056,2216,10429400
"Oct 29, 2016",0.000055,0.000064,0.000055,0.000057,5328,10073800
"Oct 28, 2016",0.000055,0.000062,0.000055,0.000055,2085,10079400
"Oct 27, 2016",0.000055,0.000062,0.000055,0.000055,2421,9991390
"Oct 26, 2016",0.000056,0.000061,0.000053,0.000055,1656,10106400
"Oct 25, 2016",0.000059,0.000060,0.000053,0.000056,942,10690900
"Oct 24, 2016",0.000059,0.000065,0.000053,0.000059,3039,10734800
"Oct 23, 2016",0.000059,0.000065,0.000053,0.000059,1282,10738200
"Oct 22, 2016",0.000057,0.000065,0.000057,0.000059,2864,10322000
"Oct 21, 2016",0.000051,0.000062,0.000051,0.000057,2717,9176100
"Oct 20, 2016",0.000051,0.000057,0.000050,0.000056,3881,9255990
"Oct 19, 2016",0.000051,0.000057,0.000050,0.000051,1509,9306770
"Oct 18, 2016",0.000051,0.000057,0.000051,0.000051,1279,9354880
"Oct 17, 2016",0.000057,0.000057,0.000051,0.000052,2808,10435500
"Oct 16, 2016",0.000057,0.000058,0.000052,0.000057,1494,10406700
"Oct 15, 2016",0.000057,0.000063,0.000052,0.000057,1791,10417600
"Oct 14, 2016",0.000057,0.000063,0.000051,0.000057,4293,10319700
"Oct 13, 2016",0.000051,0.000057,0.000051,0.000052,1149,9323140
"Oct 12, 2016",0.000051,0.000058,0.000051,0.000051,3465,9326450
"Oct 11, 2016",0.000061,0.000063,0.000051,0.000051,11910,11105300
"Oct 10, 2016",0.000060,0.000061,0.000055,0.000061,2364,10864600
"Oct 09, 2016",0.000056,0.000061,0.000055,0.000060,857,10107100
"Oct 08, 2016",0.000061,0.000061,0.000055,0.000056,760,11090800
"Oct 07, 2016",0.000055,0.000061,0.000055,0.000061,2121,10004400
"Oct 06, 2016",0.000060,0.000061,0.000054,0.000055,891,10878200
"Oct 05, 2016",0.000055,0.000061,0.000054,0.000056,2432,9979100
"Oct 04, 2016",0.000055,0.000061,0.000055,0.000055,1326,10012200
"Oct 03, 2016",0.000055,0.000061,0.000055,0.000055,1444,10012800
"Oct 02, 2016",0.000061,0.000061,0.000055,0.000055,1615,11056400
"Oct 01, 2016",0.000055,0.000065,0.000055,0.000061,6245,10018100
"Sep 30, 2016",0.000060,0.000060,0.000054,0.000055,1041,10979100
"Sep 29, 2016",0.000060,0.000066,0.000055,0.000060,3598,10955700
"Sep 28, 2016",0.000061,0.000066,0.000060,0.000060,1636,11004000
"Sep 27, 2016",0.000061,0.000065,0.000060,0.000061,873,11088500
"Sep 26, 2016",0.000060,0.000065,0.000060,0.000061,914,10885600
"Sep 25, 2016",0.000060,0.000065,0.000059,0.000064,1494,10967400
"Sep 24, 2016",0.000060,0.000065,0.000056,0.000060,3264,10960700
"Sep 23, 2016",0.000064,0.000065,0.000060,0.000060,2468,11605400
"Sep 22, 2016",0.000060,0.000065,0.000060,0.000064,1142,10863600
"Sep 21, 2016",0.000066,0.000066,0.000060,0.000060,6526,12056100
"Sep 20, 2016",0.000067,0.000067,0.000061,0.000067,4432,12137900
"Sep 19, 2016",0.000068,0.000073,0.000061,0.000067,4895,12304300
"Sep 18, 2016",0.000072,0.000073,0.000067,0.000068,4077,13015500
"Sep 17, 2016",0.000072,0.000072,0.000067,0.000072,6268,13117600
"Sep 16, 2016",0.000061,0.000073,0.000061,0.000067,10090,11078000
"Sep 15, 2016",0.000061,0.000067,0.000061,0.000066,4965,11131900
"Sep 14, 2016",0.000061,0.000067,0.000061,0.000061,2934,11095500
"Sep 13, 2016",0.000067,0.000073,0.000061,0.000061,15050,12081500
"Sep 12, 2016",0.000061,0.000071,0.000060,0.000067,10057,11093700
"Sep 11, 2016",0.000056,0.000071,0.000056,0.000061,20995,10176300
"Sep 10, 2016",0.000056,0.000062,0.000056,0.000056,2710,10150700
"Sep 09, 2016",0.000056,0.000062,0.000056,0.000061,1942,10232400
"Sep 08, 2016",0.000055,0.000062,0.000055,0.000056,3139,10026500
"Sep 07, 2016",0.000055,0.000061,0.000055,0.000055,3654,9961090
"Sep 06, 2016",0.000055,0.000061,0.000049,0.000055,14588,9938320
"Sep 05, 2016",0.000055,0.000060,0.000054,0.000055,3506,9973040
"Sep 04, 2016",0.000054,0.000061,0.000054,0.000055,8619,9796850
"Sep 03, 2016",0.000058,0.000063,0.000052,0.000054,9221,10477200
"Sep 02, 2016",0.000057,0.000063,0.000052,0.000058,3883,10422500
"Sep 01, 2016",0.000061,0.000063,0.000053,0.000057,9343,11105700
"Aug 31, 2016",0.000052,0.000063,0.000052,0.000061,3115,9482470
"Aug 30, 2016",0.000057,0.000058,0.000052,0.000052,4574,10332800
"Aug 29, 2016",0.000046,0.000069,0.000046,0.000052,20017,8359670
"Aug 28, 2016",0.000046,0.000051,0.000041,0.000046,2848,8321470
"Aug 27, 2016",0.000046,0.000050,0.000041,0.000046,2651,8426620
"Aug 26, 2016",0.000046,0.000052,0.000046,0.000050,932,8400480
"Aug 25, 2016",0.000052,0.000056,0.000046,0.000046,5118,9440090
"Aug 24, 2016",0.000052,0.000058,0.000052,0.000052,2597,9479430
"Aug 23, 2016",0.000053,0.000058,0.000046,0.000052,8266,9548650
"Aug 22, 2016",0.000052,0.000058,0.000047,0.000053,6086,9412360
"Aug 21, 2016",0.000052,0.000058,0.000052,0.000052,1442,9480060
"Aug 20, 2016",0.000052,0.000058,0.000052,0.000052,2796,9344200
"Aug 19, 2016",0.000052,0.000056,0.000051,0.000052,1295,9341910
"Aug 18, 2016",0.000052,0.000056,0.000052,0.000052,720,9435910
"Aug 17, 2016",0.000052,0.000056,0.000052,0.000052,1387,9356610
"Aug 16, 2016",0.000055,0.000056,0.000050,0.000052,1925,9885390
"Aug 15, 2016",0.000058,0.000059,0.000050,0.000055,3522,10565300
"Aug 14, 2016",0.000062,0.000063,0.000054,0.000058,9073,11270000
"Aug 13, 2016",0.000054,0.000062,0.000053,0.000062,6229,9824290
"Aug 12, 2016",0.000057,0.000060,0.000053,0.000054,3533,10296500
"Aug 11, 2016",0.000055,0.000060,0.000051,0.000060,3047,9978410
"Aug 10, 2016",0.000059,0.000061,0.000055,0.000055,4325,10745000
"Aug 09, 2016",0.000059,0.000060,0.000054,0.000060,6437,10603100
"Aug 08, 2016",0.000055,0.000058,0.000053,0.000058,5486,9981070
"Aug 07, 2016",0.000050,0.000058,0.000049,0.000055,10123,9128100
"Aug 06, 2016",0.000047,0.000090,0.000047,0.000050,15264,8577750
"Aug 05, 2016",0.000048,0.000052,0.000047,0.000047,2490,8697500
"Aug 04, 2016",0.000050,0.000052,0.000047,0.000048,1649,8980010
"Aug 03, 2016",0.000044,0.000053,0.000044,0.000049,7288,8031870
"Aug 02, 2016",0.000055,0.000060,0.000043,0.000044,13510,9911570
"Aug 01, 2016",0.000051,0.000056,0.000050,0.000055,3127,9172440
"Jul 31, 2016",0.000055,0.000059,0.000051,0.000051,3725,9897180
"Jul 30, 2016",0.000055,0.000059,0.000054,0.000055,1600,9982280
"Jul 29, 2016",0.000056,0.000059,0.000054,0.000055,1667,10062100
"Jul 28, 2016",0.000054,0.000059,0.000054,0.000056,2672,9765840
"Jul 27, 2016",0.000054,0.000057,0.000050,0.000054,3525,9747960
"Jul 26, 2016",0.000054,0.000057,0.000051,0.000054,6014,9689220
"Jul 25, 2016",0.000054,0.000057,0.000049,0.000054,3222,9812390
"Jul 24, 2016",0.000054,0.000058,0.000051,0.000054,4463,9847620
"Jul 23, 2016",0.000052,0.000057,0.000048,0.000054,2463,9477620
"Jul 22, 2016",0.000054,0.000058,0.000049,0.000052,2002,9790960
"Jul 21, 2016",0.000048,0.000058,0.000048,0.000054,3785,8671820
"Jul 20, 2016",0.000054,0.000060,0.000047,0.000048,6171,9764540
"Jul 19, 2016",0.000049,0.000059,0.000049,0.000054,2230,8889970
"Jul 18, 2016",0.000060,0.000060,0.000048,0.000049,2256,10898400
"Jul 17, 2016",0.000049,0.000060,0.000048,0.000060,8094,8934740
"Jul 16, 2016",0.000047,0.000053,0.000047,0.000050,2243,8482010
"Jul 15, 2016",0.000046,0.000053,0.000042,0.000052,3274,8371060
"Jul 14, 2016",0.000046,0.000050,0.000042,0.000046,2165,8309600
"Jul 13, 2016",0.000051,0.000051,0.000042,0.000046,1866,9240990
"Jul 12, 2016",0.000046,0.000052,0.000041,0.000047,4481,8311570
"Jul 11, 2016",0.000046,0.000050,0.000042,0.000050,3018,8353240
"Jul 10, 2016",0.000046,0.000050,0.000042,0.000046,4363,8332740
"Jul 09, 2016",0.000048,0.000052,0.000041,0.000046,1926,8662400
"Jul 08, 2016",0.000041,0.000052,0.000040,0.000048,2626,7331060
"Jul 07, 2016",0.000047,0.000051,0.000039,0.000040,4252,8494720
"Jul 06, 2016",0.000054,0.000062,0.000046,0.000047,24571,9699950
"Jul 05, 2016",0.000042,0.000065,0.000040,0.000054,30885,7559400
"Jul 04, 2016",0.000044,0.000046,0.000039,0.000041,1729,8006450
"Jul 03, 2016",0.000041,0.000046,0.000039,0.000044,945,7422120
"Jul 02, 2016",0.000041,0.000048,0.000039,0.000047,2680,7332530
"Jul 01, 2016",0.000042,0.000048,0.000040,0.000041,2448,7572140
"Jun 30, 2016",0.000045,0.000050,0.000039,0.000047,1760,8053410
"Jun 29, 2016",0.000039,0.000050,0.000038,0.000050,8485,7019170
"Jun 28, 2016",0.000039,0.000046,0.000033,0.000038,9508,7116120
"Jun 27, 2016",0.000033,0.000044,0.000033,0.000039,6834,5995620
"Jun 26, 2016",0.000037,0.000039,0.000033,0.000038,1666,6612650
"Jun 25, 2016",0.000034,0.000040,0.000029,0.000037,1307,6084870
"Jun 24, 2016",0.000032,0.000039,0.000028,0.000039,2988,5698830
"Jun 23, 2016",0.000027,0.000032,0.000024,0.000032,3283,4821160
"Jun 22, 2016",0.000034,0.000034,0.000026,0.000026,1669,6061460
"Jun 21, 2016",0.000037,0.000041,0.000027,0.000034,5106,6723520
"Jun 20, 2016",0.000032,0.000043,0.000031,0.000037,2766,5753860
"Jun 19, 2016",0.000034,0.000038,0.000030,0.000032,3643,6049870
"Jun 18, 2016",0.000038,0.000039,0.000032,0.000034,2566,6929240
"Jun 17, 2016",0.000043,0.000046,0.000033,0.000038,6125,7706380
"Jun 16, 2016",0.000039,0.000046,0.000037,0.000043,4205,7023560
"Jun 15, 2016",0.000037,0.000042,0.000037,0.000039,1995,6755140
"Jun 14, 2016",0.000039,0.000042,0.000033,0.000037,3146,6957940
"Jun 13, 2016",0.000040,0.000043,0.000034,0.000039,4425,7292530
"Jun 12, 2016",0.000039,0.000044,0.000033,0.000041,6805,7041970
"Jun 11, 2016",0.000037,0.000041,0.000037,0.000039,388,6746810
"Jun 10, 2016",0.000039,0.000043,0.000036,0.000037,660,7063190
"Jun 09, 2016",0.000039,0.000042,0.000036,0.000039,1101,7016010
"Jun 08, 2016",0.000036,0.000041,0.000036,0.000039,531,6477500
"Jun 07, 2016",0.000040,0.000044,0.000036,0.000036,720,7191080
"Jun 06, 2016",0.000038,0.000045,0.000036,0.000040,966,6935730
"Jun 05, 2016",0.000039,0.000045,0.000035,0.000038,2718,6957960
"Jun 04, 2016",0.000037,0.000041,0.000036,0.000038,761,6626920
"Jun 03, 2016",0.000036,0.000041,0.000035,0.000037,900,6551990
"Jun 02, 2016",0.000036,0.000039,0.000036,0.000038,1019,6476490
"Jun 01, 2016",0.000037,0.000038,0.000032,0.000036,771,6712730
"May 31, 2016",0.000034,0.000038,0.000032,0.000037,2116,6127850
"May 30, 2016",0.000035,0.000038,0.000034,0.000034,725,6257120
"May 29, 2016",0.000033,0.000037,0.000032,0.000035,805,6003680
"May 28, 2016",0.000034,0.000040,0.000031,0.000033,3005,6212640
"May 27, 2016",0.000036,0.000038,0.000033,0.000035,1350,6539940
"May 26, 2016",0.000036,0.000037,0.000033,0.000036,1977,6496090
"May 25, 2016",0.000040,0.000040,0.000032,0.000033,4833,7236100
"May 24, 2016",0.000040,0.000043,0.000036,0.000040,1971,7204020
"May 23, 2016",0.000044,0.000047,0.000039,0.000040,510,7894900
"May 22, 2016",0.000044,0.000048,0.000040,0.000044,2990,7907110
"May 21, 2016",0.000044,0.000048,0.000040,0.000044,3404,7960600
"May 20, 2016",0.000035,0.000048,0.000035,0.000044,10724,6378580
"May 19, 2016",0.000034,0.000040,0.000033,0.000036,4905,6135440
"May 18, 2016",0.000033,0.000037,0.000033,0.000034,2211,5923750
"May 17, 2016",0.000036,0.000037,0.000033,0.000033,2094,6529890
"May 16, 2016",0.000034,0.000037,0.000033,0.000036,1437,6146720
"May 15, 2016",0.000036,0.000040,0.000033,0.000034,1038,6565130
"May 14, 2016",0.000037,0.000041,0.000033,0.000033,831,6615170
"May 13, 2016",0.000033,0.000041,0.000033,0.000037,2652,5899050
"May 12, 2016",0.000036,0.000040,0.000033,0.000033,2314,6530400
"May 11, 2016",0.000031,0.000036,0.000028,0.000036,7820,5495500
"May 10, 2016",0.000032,0.000033,0.000030,0.000030,780,5819910
"May 09, 2016",0.000032,0.000036,0.000032,0.000032,2433,5841860
"May 08, 2016",0.000032,0.000035,0.000032,0.000032,429,5847280
"May 07, 2016",0.000033,0.000036,0.000032,0.000032,458,5893140
"May 06, 2016",0.000032,0.000036,0.000032,0.000033,1347,5690850
"May 05, 2016",0.000034,0.000036,0.000031,0.000032,396,6181390
"May 04, 2016",0.000033,0.000037,0.000031,0.000034,1035,5893870
"May 03, 2016",0.000033,0.000036,0.000032,0.000033,1470,6002890
"May 02, 2016",0.000036,0.000038,0.000032,0.000034,558,6416960
"May 01, 2016",0.000036,0.000040,0.000032,0.000036,407,6451740
"Apr 30, 2016",0.000036,0.000040,0.000032,0.000036,2295,6554310
"Apr 29, 2016",0.000031,0.000040,0.000031,0.000036,1807,5664310
"Apr 28, 2016",0.000032,0.000034,0.000031,0.000031,672,5671100
"Apr 27, 2016",0.000033,0.000036,0.000031,0.000031,325,5970970
"Apr 26, 2016",0.000033,0.000037,0.000029,0.000033,2916,6007770
"Apr 25, 2016",0.000037,0.000037,0.000033,0.000034,1712,6617220
"Apr 24, 2016",0.000036,0.000040,0.000032,0.000037,900,6540430
"Apr 23, 2016",0.000036,0.000038,0.000036,0.000036,460,6444460
"Apr 22, 2016",0.000033,0.000036,0.000032,0.000036,1460,5917390
"Apr 21, 2016",0.000035,0.000039,0.000033,0.000033,986,6371240
"Apr 20, 2016",0.000035,0.000039,0.000034,0.000035,1255,6273330
"Apr 19, 2016",0.000035,0.000039,0.000034,0.000035,1606,6381710
"Apr 18, 2016",0.000038,0.000043,0.000032,0.000035,5486,6914130
"Apr 17, 2016",0.000039,0.000043,0.000038,0.000038,1121,7048300
"Apr 16, 2016",0.000041,0.000043,0.000039,0.000041,987,7288280
"Apr 15, 2016",0.000043,0.000045,0.000040,0.000041,926,7643450
"Apr 14, 2016",0.000042,0.000045,0.000040,0.000042,739,7612970
"Apr 13, 2016",0.000042,0.000046,0.000039,0.000042,1097,7601990
"Apr 12, 2016",0.000046,0.000050,0.000042,0.000042,2064,8195740
"Apr 11, 2016",0.000046,0.000049,0.000038,0.000046,4141,8270540
"Apr 10, 2016",0.000050,0.000050,0.000038,0.000046,4219,8944020
"Apr 09, 2016",0.000046,0.000050,0.000042,0.000050,2273,8285640
"Apr 08, 2016",0.000042,0.000050,0.000042,0.000046,2773,7607990
"Apr 07, 2016",0.000046,0.000050,0.000042,0.000042,3110,8344620
"Apr 06, 2016",0.000051,0.000054,0.000045,0.000047,3340,9208460
"Apr 05, 2016",0.000055,0.000059,0.000051,0.000051,5985,9865490
"Apr 04, 2016",0.000063,0.000067,0.000055,0.000059,4451,11301600
"Apr 03, 2016",0.000067,0.000072,0.000051,0.000063,19969,12082600
"Apr 02, 2016",0.000050,0.000093,0.000046,0.000067,87281,8937080
"Apr 01, 2016",0.000046,0.000054,0.000046,0.000050,4403,8231430
"Mar 31, 2016",0.000041,0.000053,0.000041,0.000046,7094,7281710
"Mar 30, 2016",0.000045,0.000045,0.000037,0.000041,1615,8013930
"Mar 29, 2016",0.000040,0.000045,0.000038,0.000045,1365,7238600
"Mar 28, 2016",0.000047,0.000047,0.000038,0.000040,2532,8383820
"Mar 27, 2016",0.000046,0.000050,0.000042,0.000047,6875,8242730
"Mar 26, 2016",0.000050,0.000050,0.000046,0.000046,3430,8961440
"Mar 25, 2016",0.000065,0.000065,0.000046,0.000050,20886,11659800
"Mar 24, 2016",0.000039,0.000065,0.000039,0.000062,50921,7054520
"Mar 23, 2016",0.000034,0.000039,0.000033,0.000039,4282,6074570
"Mar 22, 2016",0.000033,0.000036,0.000033,0.000034,4800,5934030
"Mar 21, 2016",0.000033,0.000037,0.000029,0.000033,2032,5942260
"Mar 20, 2016",0.000037,0.000040,0.000033,0.000033,2704,6564660
"Mar 19, 2016",0.000033,0.000040,0.000032,0.000037,4423,5833390
"Mar 18, 2016",0.000032,0.000036,0.000029,0.000033,4022,5697060
"Mar 17, 2016",0.000029,0.000035,0.000029,0.000034,4394,5266900
"Mar 16, 2016",0.000029,0.000032,0.000029,0.000029,562,5274070
"Mar 15, 2016",0.000032,0.000033,0.000029,0.000029,1295,5758850
"Mar 14, 2016",0.000031,0.000033,0.000029,0.000032,1493,5475790
"Mar 13, 2016",0.000030,0.000033,0.000030,0.000032,1080,5463210
"Mar 12, 2016",0.000032,0.000033,0.000030,0.000030,1617,5727320
"Mar 11, 2016",0.000030,0.000033,0.000030,0.000032,1448,5415040
"Mar 10, 2016",0.000032,0.000033,0.000030,0.000030,2095,5699690
"Mar 09, 2016",0.000032,0.000033,0.000030,0.000031,5915,5815980
"Mar 08, 2016",0.000032,0.000033,0.000030,0.000032,1825,5717860
"Mar 07, 2016",0.000030,0.000033,0.000030,0.000032,2332,5404920
"Mar 06, 2016",0.000029,0.000033,0.000027,0.000030,9544,5153160
"Mar 05, 2016",0.000032,0.000032,0.000028,0.000029,8899,5664730
"Mar 04, 2016",0.000033,0.000033,0.000031,0.000032,6693,5831940
"Mar 03, 2016",0.000034,0.000035,0.000032,0.000032,10075,6095890
"Mar 02, 2016",0.000032,0.000036,0.000032,0.000034,2688,5779200
"Mar 01, 2016",0.000039,0.000040,0.000032,0.000032,4360,6922450
"Feb 29, 2016",0.000033,0.000041,0.000032,0.000039,5299,5827130
"Feb 28, 2016",0.000032,0.000035,0.000032,0.000033,6520,5805190
"Feb 27, 2016",0.000033,0.000033,0.000031,0.000032,2187,5883350
"Feb 26, 2016",0.000033,0.000034,0.000032,0.000033,2220,5878500
"Feb 25, 2016",0.000033,0.000035,0.000031,0.000033,6447,5907010
"Feb 24, 2016",0.000032,0.000035,0.000030,0.000033,4158,5694280
"Feb 23, 2016",0.000033,0.000035,0.000031,0.000032,7377,5889260
"Feb 22, 2016",0.000032,0.000035,0.000032,0.000033,5434,5726920
"Feb 21, 2016",0.000032,0.000035,0.000031,0.000034,9465,5712220
"Feb 20, 2016",0.000031,0.000036,0.000030,0.000032,10261,5495950
"Feb 19, 2016",0.000034,0.000034,0.000027,0.000031,13081,6038770
"Feb 18, 2016",0.000038,0.000040,0.000028,0.000034,11308,6730790
"Feb 17, 2016",0.000042,0.000043,0.000038,0.000038,12150,7555640
"Feb 16, 2016",0.000044,0.000045,0.000040,0.000042,12192,7909820
"Feb 15, 2016",0.000042,0.000045,0.000035,0.000044,17588,7602200
"Feb 14, 2016",0.000043,0.000044,0.000041,0.000042,9792,7617390
"Feb 13, 2016",0.000043,0.000044,0.000040,0.000042,10994,7611770
"Feb 12, 2016",0.000038,0.000044,0.000037,0.000043,17833,6845490
"Feb 11, 2016",0.000041,0.000042,0.000037,0.000038,17411,7255370
"Feb 10, 2016",0.000038,0.000042,0.000038,0.000041,14344,6726470
"Feb 09, 2016",0.000038,0.000040,0.000037,0.000038,1550,6743380
"Feb 08, 2016",0.000037,0.000040,0.000037,0.000038,1080,6685740
"Feb 07, 2016",0.000038,0.000038,0.000035,0.000037,5116,6728990
"Feb 06, 2016",0.000040,0.000040,0.000035,0.000038,4860,7208190
"Feb 05, 2016",0.000038,0.000041,0.000037,0.000040,1543,6866140
"Feb 04, 2016",0.000036,0.000039,0.000035,0.000038,1440,6387600
"Feb 03, 2016",0.000037,0.000038,0.000035,0.000035,5500,6565800
"Feb 02, 2016",0.000037,0.000038,0.000036,0.000037,1468,6615030
"Feb 01, 2016",0.000035,0.000039,0.000035,0.000037,3917,6313250
"Jan 31, 2016",0.000038,0.000039,0.000032,0.000035,2346,6791180
"Jan 30, 2016",0.000037,0.000039,0.000036,0.000038,3841,6666560
"Jan 29, 2016",0.000039,0.000042,0.000035,0.000037,4314,7027460
"Jan 28, 2016",0.000032,0.000041,0.000031,0.000039,10068,5776450
"Jan 27, 2016",0.000031,0.000034,0.000028,0.000033,4265,5566880
"Jan 26, 2016",0.000034,0.000035,0.000028,0.000032,9206,6163680
"Jan 25, 2016",0.000034,0.000036,0.000032,0.000035,6386,6047870
"Jan 24, 2016",0.000033,0.000036,0.000032,0.000034,1566,5949980
"Jan 23, 2016",0.000034,0.000035,0.000032,0.000033,6053,5991350
"Jan 22, 2016",0.000036,0.000037,0.000033,0.000033,7400,6451620
"Jan 21, 2016",0.000035,0.000038,0.000034,0.000036,6821,6224050
"Jan 20, 2016",0.000033,0.000035,0.000032,0.000035,7117,5979130
"Jan 19, 2016",0.000035,0.000035,0.000032,0.000034,10724,6334410
"Jan 18, 2016",0.000034,0.000037,0.000033,0.000035,6359,6012220
"Jan 17, 2016",0.000035,0.000038,0.000032,0.000034,4012,6275440
"Jan 16, 2016",0.000031,0.000037,0.000031,0.000035,12334,5587930
"Jan 15, 2016",0.000037,0.000037,0.000031,0.000031,5988,6556300
"Jan 14, 2016",0.000037,0.000039,0.000036,0.000037,5345,6583480
"Jan 13, 2016",0.000036,0.000037,0.000032,0.000037,4471,6410400
"Jan 12, 2016",0.000037,0.000037,0.000033,0.000036,3914,6580310
"Jan 11, 2016",0.000033,0.000038,0.000032,0.000037,4292,5908540
"Jan 10, 2016",0.000034,0.000034,0.000032,0.000034,4199,5985520
"Jan 09, 2016",0.000034,0.000035,0.000032,0.000034,6492,6061130
"Jan 08, 2016",0.000035,0.000035,0.000031,0.000034,9013,6250190
"Jan 07, 2016",0.000033,0.000036,0.000032,0.000035,9922,5848430
"Jan 06, 2016",0.000033,0.000034,0.000031,0.000033,2398,5936120
"Jan 05, 2016",0.000033,0.000034,0.000030,0.000033,5243,5912020
"Jan 04, 2016",0.000032,0.000034,0.000030,0.000033,4896,5751980
"Jan 03, 2016",0.000031,0.000033,0.000030,0.000031,7362,5553620
"Jan 02, 2016",0.000031,0.000032,0.000030,0.000031,9892,5485600
"Jan 01, 2016",0.000031,0.000032,0.000028,0.000031,7178,5448830
"Dec 31, 2015",0.000030,0.000033,0.000028,0.000030,7855,5366670
"Dec 30, 2015",0.000030,0.000033,0.000029,0.000030,8415,5423110
"Dec 29, 2015",0.000032,0.000034,0.000030,0.000032,12346,5727950
"Dec 28, 2015",0.000032,0.000037,0.000030,0.000032,14004,5731100
"Dec 27, 2015",0.000031,0.000034,0.000029,0.000031,11918,5458050
"Dec 26, 2015",0.000032,0.000035,0.000029,0.000030,15038,5758330
"Dec 25, 2015",0.000033,0.000044,0.000031,0.000032,9869,5916730
"Dec 24, 2015",0.000030,0.000033,0.000030,0.000031,8858,5352050
"Dec 23, 2015",0.000028,0.000030,0.000028,0.000030,3778,5015280
"Dec 22, 2015",0.000031,0.000032,0.000028,0.000029,6242,5605370
"Dec 21, 2015",0.000030,0.000032,0.000028,0.000030,6294,5267730
"Dec 20, 2015",0.000031,0.000032,0.000029,0.000029,4703,5579610
"Dec 19, 2015",0.000031,0.000031,0.000030,0.000031,5704,5503120
"Dec 18, 2015",0.000031,0.000031,0.000030,0.000031,5520,5436630
"Dec 17, 2015",0.000031,0.000032,0.000030,0.000031,5297,5430700
"Dec 16, 2015",0.000031,0.000031,0.000029,0.000031,6323,5460060
"Dec 15, 2015",0.000030,0.000031,0.000030,0.000031,7820,5343220
"Dec 14, 2015",0.000030,0.000031,0.000029,0.000030,5237,5259370
"Dec 13, 2015",0.000029,0.000030,0.000028,0.000030,8564,5248120
"Dec 12, 2015",0.000030,0.000031,0.000027,0.000029,6803,5301690
"Dec 11, 2015",0.000027,0.000030,0.000027,0.000030,8090,4861500
"Dec 10, 2015",0.000028,0.000028,0.000026,0.000027,9050,4964020
"Dec 09, 2015",0.000029,0.000029,0.000027,0.000028,9052,5093540
"Dec 08, 2015",0.000028,0.000029,0.000026,0.000028,7725,5058420
"Dec 07, 2015",0.000026,0.000028,0.000026,0.000028,8712,4693670
"Dec 06, 2015",0.000027,0.000028,0.000026,0.000027,9079,4836000
"Dec 05, 2015",0.000025,0.000028,0.000024,0.000027,10310,4456880
"Dec 04, 2015",0.000029,0.000029,0.000024,0.000025,8808,5183180
"Dec 03, 2015",0.000024,0.000031,0.000024,0.000030,9411,4275030
"Dec 02, 2015",0.000024,0.000024,0.000022,0.000024,7533,4224520
"Dec 01, 2015",0.000025,0.000025,0.000023,0.000024,8849,4414840
"Nov 30, 2015",0.000026,0.000027,0.000024,0.000025,9803,4618500
"Nov 29, 2015",0.000026,0.000026,0.000025,0.000026,11009,4568230
"Nov 28, 2015",0.000025,0.000026,0.000025,0.000026,12507,4514010
"Nov 27, 2015",0.000025,0.000027,0.000025,0.000025,9517,4443320
"Nov 26, 2015",0.000024,0.000027,0.000024,0.000026,13528,4310920
"Nov 25, 2015",0.000024,0.000025,0.000023,0.000024,10395,4244980
"Nov 24, 2015",0.000024,0.000026,0.000023,0.000024,8588,4183720
"Nov 23, 2015",0.000024,0.000025,0.000023,0.000024,9358,4320210
"Nov 22, 2015",0.000026,0.000026,0.000024,0.000024,8466,4539020
"Nov 21, 2015",0.000025,0.000026,0.000024,0.000026,10096,4516830
"Nov 20, 2015",0.000026,0.000026,0.000025,0.000025,10413,4631620
"Nov 19, 2015",0.000027,0.000027,0.000026,0.000026,4684,4751060
"Nov 18, 2015",0.000027,0.000028,0.000026,0.000027,10209,4866860
"Nov 17, 2015",0.000027,0.000028,0.000026,0.000027,6268,4812020
"Nov 16, 2015",0.000026,0.000027,0.000025,0.000027,12146,4656620
"Nov 15, 2015",0.000027,0.000027,0.000025,0.000026,5967,4856250
"Nov 14, 2015",0.000027,0.000028,0.000026,0.000027,4208,4719750
"Nov 13, 2015",0.000028,0.000028,0.000026,0.000027,10709,4911430
"Nov 12, 2015",0.000026,0.000030,0.000026,0.000028,12945,4632960
"Nov 11, 2015",0.000028,0.000028,0.000025,0.000026,10696,4954690
"Nov 10, 2015",0.000031,0.000033,0.000028,0.000028,12268,5502750
"Nov 09, 2015",0.000030,0.000032,0.000029,0.000031,13484,5360420
"Nov 08, 2015",0.000031,0.000035,0.000030,0.000030,6405,5481240
"Nov 07, 2015",0.000030,0.000033,0.000030,0.000031,1671,5310320
"Nov 06, 2015",0.000030,0.000031,0.000028,0.000030,9169,5403850
"Nov 05, 2015",0.000033,0.000037,0.000030,0.000031,9513,5901970
"Nov 04, 2015",0.000044,0.000045,0.000031,0.000034,20372,7823440
"Nov 03, 2015",0.000040,0.000046,0.000040,0.000044,14046,7158710
"Nov 02, 2015",0.000036,0.000041,0.000035,0.000040,8488,6317420
"Nov 01, 2015",0.000034,0.000036,0.000034,0.000036,561,6066680
"Oct 31, 2015",0.000035,0.000037,0.000034,0.000034,10817,6281160
"Oct 30, 2015",0.000036,0.000038,0.000034,0.000035,5584,6316330
"Oct 29, 2015",0.000035,0.000037,0.000035,0.000036,8419,6240940
"Oct 28, 2015",0.000035,0.000037,0.000035,0.000036,7932,6266610
"Oct 27, 2015",0.000034,0.000037,0.000034,0.000036,11184,6074910
"Oct 26, 2015",0.000033,0.000038,0.000033,0.000035,11946,5878810
"Oct 25, 2015",0.000033,0.000034,0.000032,0.000033,13839,5778360
"Oct 24, 2015",0.000031,0.000033,0.000031,0.000033,16037,5569690
"Oct 23, 2015",0.000031,0.000032,0.000030,0.000031,8719,5475910
"Oct 22, 2015",0.000030,0.000031,0.000029,0.000031,10756,5321480
"Oct 21, 2015",0.000030,0.000030,0.000027,0.000030,11107,5290900
"Oct 20, 2015",0.000030,0.000031,0.000029,0.000030,13624,5305640
"Oct 19, 2015",0.000030,0.000030,0.000028,0.000030,8382,5307390
"Oct 18, 2015",0.000031,0.000031,0.000028,0.000030,13473,5454530
"Oct 17, 2015",0.000028,0.000031,0.000028,0.000031,11627,5025020
"Oct 16, 2015",0.000029,0.000030,0.000028,0.000029,14353,5176780
"Oct 15, 2015",0.000029,0.000030,0.000028,0.000030,11805,5166010
"Oct 14, 2015",0.000028,0.000030,0.000028,0.000029,3160,4936350
"Oct 13, 2015",0.000028,0.000029,0.000027,0.000028,2820,5023050
"Oct 12, 2015",0.000028,0.000029,0.000028,0.000028,8788,5013860
"Oct 11, 2015",0.000027,0.000029,0.000026,0.000028,9177,4761160
"Oct 10, 2015",0.000026,0.000027,0.000026,0.000027,6967,4607600
"Oct 09, 2015",0.000025,0.000026,0.000025,0.000026,8160,4447440
"Oct 08, 2015",0.000026,0.000026,0.000025,0.000025,10192,4511170
"Oct 07, 2015",0.000026,0.000027,0.000025,0.000026,9391,4607520
"Oct 06, 2015",0.000026,0.000028,0.000025,0.000026,9217,4506830
"Oct 05, 2015",0.000028,0.000030,0.000025,0.000026,12019,4920890
"Oct 04, 2015",0.000028,0.000030,0.000028,0.000028,10310,4951690
"Oct 03, 2015",0.000026,0.000029,0.000026,0.000028,5595,4598880
"Oct 02, 2015",0.000025,0.000026,0.000024,0.000026,12261,4491480
"Oct 01, 2015",0.000028,0.000028,0.000025,0.000025,11373,4891040
"Sep 30, 2015",0.000025,0.000029,0.000025,0.000028,11834,4479070
"Sep 29, 2015",0.000030,0.000030,0.000024,0.000025,16539,5358240
"Sep 28, 2015",0.000029,0.000031,0.000028,0.000030,7626,5172500
"Sep 27, 2015",0.000029,0.000030,0.000028,0.000029,13081,5041150
"Sep 26, 2015",0.000028,0.000030,0.000027,0.000029,16628,4893500
"Sep 25, 2015",0.000033,0.000035,0.000022,0.000028,15054,5808860
"Sep 24, 2015",0.000033,0.000034,0.000033,0.000033,13493,5873180
"Sep 23, 2015",0.000034,0.000035,0.000032,0.000033,12831,6081620
"Sep 22, 2015",0.000037,0.000038,0.000033,0.000033,14777,6477430
"Sep 21, 2015",0.000036,0.000037,0.000032,0.000037,17544,6298510
"Sep 20, 2015",0.000037,0.000038,0.000035,0.000036,10857,6596710
"Sep 19, 2015",0.000046,0.000046,0.000036,0.000038,18292,8070130
"Sep 18, 2015",0.000046,0.000048,0.000045,0.000046,19005,8058640
"Sep 17, 2015",0.000046,0.000048,0.000046,0.000046,21186,8162650
"Sep 16, 2015",0.000046,0.000049,0.000046,0.000046,12283,8152600
"Sep 15, 2015",0.000051,0.000051,0.000045,0.000047,15522,8898010
"Sep 14, 2015",0.000053,0.000054,0.000049,0.000051,17833,9337890
"Sep 13, 2015",0.000058,0.000060,0.000052,0.000054,19966,10273900
"Sep 12, 2015",0.000061,0.000061,0.000058,0.000058,19277,10732300
"Sep 11, 2015",0.000061,0.000062,0.000060,0.000061,16551,10662800
"Sep 10, 2015",0.000061,0.000062,0.000060,0.000061,18514,10771500
"Sep 09, 2015",0.000064,0.000064,0.000060,0.000061,25437,11180300
"Sep 08, 2015",0.000063,0.000064,0.000061,0.000064,20733,11011100
"Sep 07, 2015",0.000064,0.000064,0.000061,0.000063,18536,11252500
"Sep 06, 2015",0.000061,0.000065,0.000061,0.000064,14551,10736100
"Sep 05, 2015",0.000057,0.000063,0.000057,0.000061,14615,10064400
"Sep 04, 2015",0.000057,0.000058,0.000057,0.000057,12761,10013100
"Sep 03, 2015",0.000057,0.000058,0.000055,0.000057,17178,10101900
"Sep 02, 2015",0.000057,0.000058,0.000057,0.000058,17959,10108400
"Sep 01, 2015",0.000058,0.000059,0.000057,0.000057,16594,10136300
"Aug 31, 2015",0.000061,0.000061,0.000057,0.000058,19207,10679800
"Aug 30, 2015",0.000059,0.000066,0.000059,0.000061,24810,10448400
"Aug 29, 2015",0.000062,0.000062,0.000059,0.000059,21907,10886600
"Aug 28, 2015",0.000063,0.000065,0.000059,0.000062,24081,11126100
"Aug 27, 2015",0.000061,0.000066,0.000060,0.000063,24361,10733300
"Aug 26, 2015",0.000060,0.000063,0.000060,0.000061,17344,10627600
"Aug 25, 2015",0.000057,0.000062,0.000054,0.000060,12182,10030400
"Aug 24, 2015",0.000064,0.000064,0.000057,0.000058,13479,11196600
"Aug 23, 2015",0.000063,0.000064,0.000061,0.000062,14392,10983800
"Aug 22, 2015",0.000063,0.000064,0.000060,0.000063,17114,11029900
"Aug 21, 2015",0.000066,0.000067,0.000062,0.000063,19941,11573600
"Aug 20, 2015",0.000063,0.000069,0.000063,0.000066,19501,11023800
"Aug 19, 2015",0.000062,0.000069,0.000062,0.000063,20246,10843900
"Aug 18, 2015",0.000076,0.000077,0.000062,0.000062,17952,13337300
"Aug 17, 2015",0.000076,0.000078,0.000075,0.000076,20901,13249000
"Aug 16, 2015",0.000079,0.000080,0.000075,0.000075,22667,13910800
"Aug 15, 2015",0.000079,0.000080,0.000079,0.000079,8715,13884000
"Aug 14, 2015",0.000077,0.000083,0.000075,0.000080,26335,13431800
"Aug 13, 2015",0.000078,0.000080,0.000074,0.000077,21246,13732200
"Aug 12, 2015",0.000077,0.000089,0.000072,0.000078,30171,13464900
"Aug 11, 2015",0.000075,0.000078,0.000069,0.000077,30889,13104900
"Aug 10, 2015",0.000075,0.000077,0.000071,0.000074,24616,13225800
"Aug 09, 2015",0.000073,0.000077,0.000072,0.000075,23762,12778200
"Aug 08, 2015",0.000079,0.000082,0.000073,0.000073,17345,13758900
"Aug 07, 2015",0.000086,0.000089,0.000078,0.000078,26200,15053600
"Aug 06, 2015",0.000079,0.000090,0.000078,0.000086,38496,13863100
"Aug 05, 2015",0.000071,0.000091,0.000071,0.000079,52666,12489700
"Aug 04, 2015",0.000072,0.000073,0.000070,0.000071,22562,12577900
"Aug 03, 2015",0.000073,0.000075,0.000070,0.000072,32118,12779600
"Aug 02, 2015",0.000079,0.000079,0.000071,0.000073,40890,13910100
"Aug 01, 2015",0.000081,0.000086,0.000072,0.000077,39970,14119400
"Jul 31, 2015",0.000073,0.000104,0.000071,0.000086,71594,12764400
"Jul 30, 2015",0.000075,0.000079,0.000063,0.000073,38303,13081900
"Jul 29, 2015",0.000064,0.000081,0.000062,0.000074,36158,11152600
"Jul 28, 2015",0.000062,0.000067,0.000062,0.000064,21953,10875100
"Jul 27, 2015",0.000060,0.000066,0.000058,0.000062,22623,10429100
"Jul 26, 2015",0.000050,0.000065,0.000049,0.000059,32242,8710510
"Jul 25, 2015",0.000048,0.000052,0.000046,0.000050,15309,8423880
"Jul 24, 2015",0.000047,0.000050,0.000046,0.000048,12247,8205200
"Jul 23, 2015",0.000045,0.000050,0.000045,0.000047,7811,7835200
"Jul 22, 2015",0.000048,0.000048,0.000044,0.000045,10461,8375880
"Jul 21, 2015",0.000049,0.000051,0.000047,0.000048,10351,8545650
"Jul 20, 2015",0.000050,0.000050,0.000047,0.000049,13116,8788100
"Jul 19, 2015",0.000052,0.000054,0.000049,0.000050,4441,9084020
"Jul 18, 2015",0.000052,0.000058,0.000048,0.000052,2243,9086290
"Jul 17, 2015",0.000050,0.000056,0.000048,0.000052,2839,8684380
"Jul 16, 2015",0.000057,0.000063,0.000050,0.000050,10276,9913460
"Jul 15, 2015",0.000053,0.000064,0.000051,0.000057,20235,9253320
"Jul 14, 2015",0.000053,0.000057,0.000049,0.000053,13168,9178380
"Jul 13, 2015",0.000048,0.000060,0.000042,0.000053,21890,8400780
"Jul 12, 2015",0.000044,0.000049,0.000043,0.000048,5440,7593620
"Jul 11, 2015",0.000043,0.000047,0.000042,0.000044,8600,7415630
"Jul 10, 2015",0.000040,0.000047,0.000039,0.000043,15065,6980260
"Jul 09, 2015",0.000037,0.000043,0.000036,0.000041,9890,6439200
"Jul 08, 2015",0.000037,0.000038,0.000036,0.000037,4629,6386080
"Jul 07, 2015",0.000036,0.000038,0.000036,0.000037,6424,6344120
"Jul 06, 2015",0.000037,0.000040,0.000035,0.000036,8810,6500880
"Jul 05, 2015",0.000038,0.000039,0.000035,0.000037,9453,6640180
"Jul 04, 2015",0.000033,0.000039,0.000033,0.000038,12348,5779050
"Jul 03, 2015",0.000032,0.000034,0.000032,0.000033,3993,5633960
"Jul 02, 2015",0.000033,0.000033,0.000031,0.000032,6793,5687890
"Jul 01, 2015",0.000033,0.000034,0.000032,0.000033,4872,5754700
"Jun 30, 2015",0.000032,0.000036,0.000032,0.000033,6391,5581820
"Jun 29, 2015",0.000029,0.000032,0.000028,0.000032,5968,5134660
"Jun 28, 2015",0.000029,0.000030,0.000028,0.000029,4975,5025640
"Jun 27, 2015",0.000029,0.000030,0.000027,0.000029,5703,4986750
"Jun 26, 2015",0.000028,0.000030,0.000027,0.000029,9149,4810060
"Jun 25, 2015",0.000027,0.000030,0.000027,0.000028,5808,4774750
"Jun 24, 2015",0.000028,0.000030,0.000027,0.000027,4673,4871160
"Jun 23, 2015",0.000029,0.000029,0.000027,0.000028,4645,4996770
"Jun 22, 2015",0.000029,0.000030,0.000027,0.000029,6662,5086790
"Jun 21, 2015",0.000028,0.000030,0.000027,0.000029,5501,4925190
"Jun 20, 2015",0.000028,0.000030,0.000027,0.000028,6691,4941410
"Jun 19, 2015",0.000031,0.000031,0.000027,0.000028,4235,5407150
"Jun 18, 2015",0.000031,0.000031,0.000030,0.000031,5344,5319970
"Jun 17, 2015",0.000029,0.000033,0.000027,0.000031,7606,5025690
"Jun 16, 2015",0.000028,0.000030,0.000026,0.000029,10178,4808850
"Jun 15, 2015",0.000028,0.000029,0.000027,0.000028,4651,4934790
"Jun 14, 2015",0.000029,0.000030,0.000028,0.000028,5774,4962600
"Jun 13, 2015",0.000030,0.000030,0.000028,0.000029,6208,5176260
"Jun 12, 2015",0.000029,0.000030,0.000028,0.000030,5177,5053540
"Jun 11, 2015",0.000029,0.000031,0.000028,0.000029,6940,5028960
"Jun 10, 2015",0.000030,0.000032,0.000028,0.000029,7447,5154500
"Jun 09, 2015",0.000027,0.000030,0.000027,0.000030,6356,4685940
"Jun 08, 2015",0.000029,0.000030,0.000026,0.000027,4607,5028610
"Jun 07, 2015",0.000030,0.000030,0.000028,0.000029,4121,5181590
"Jun 06, 2015",0.000028,0.000031,0.000027,0.000030,6066,4823710
"Jun 05, 2015",0.000027,0.000031,0.000026,0.000028,4242,4656760
"Jun 04, 2015",0.000030,0.000031,0.000027,0.000027,5439,5138820
"Jun 03, 2015",0.000031,0.000031,0.000027,0.000030,7816,5298630
"Jun 02, 2015",0.000036,0.000036,0.000029,0.000031,11911,6303440
"Jun 01, 2015",0.000036,0.000044,0.000034,0.000036,14163,6298540
"May 31, 2015",0.000034,0.000162,0.000032,0.000036,42207,5821160
"May 30, 2015",0.000044,0.000045,0.000032,0.000034,13513,7596640
"May 29, 2015",0.000027,0.000040,0.000026,0.000040,10059,4646840
"May 28, 2015",0.000028,0.000033,0.000026,0.000027,8066,4900200
"May 27, 2015",0.000026,0.000031,0.000026,0.000028,8267,4517970
"May 26, 2015",0.000028,0.000029,0.000026,0.000026,5365,4783520
"May 25, 2015",0.000027,0.000030,0.000025,0.000028,7804,4633580
"May 24, 2015",0.000023,0.000045,0.000023,0.000027,8928,4004400
"May 23, 2015",0.000023,0.000026,0.000022,0.000023,5914,3939780
"May 22, 2015",0.000023,0.000028,0.000021,0.000023,4875,3894890
"May 21, 2015",0.000022,0.000026,0.000021,0.000023,4989,3775260
"May 20, 2015",0.000022,0.000025,0.000021,0.000022,5045,3887950
"May 19, 2015",0.000024,0.000024,0.000020,0.000022,6989,4104760
"May 18, 2015",0.000026,0.000026,0.000024,0.000024,4837,4527080
"May 17, 2015",0.000026,0.000026,0.000025,0.000026,4366,4452570
"May 16, 2015",0.000026,0.000028,0.000023,0.000026,8467,4557700
"May 15, 2015",0.000028,0.000028,0.000026,0.000026,5726,4763470
"May 14, 2015",0.000026,0.000030,0.000025,0.000028,7187,4428160
"May 13, 2015",0.000026,0.000029,0.000024,0.000026,7709,4485940
"May 12, 2015",0.000027,0.000027,0.000026,0.000026,5231,4600620
"May 11, 2015",0.000026,0.000029,0.000026,0.000027,3820,4564430
"May 10, 2015",0.000027,0.000028,0.000026,0.000026,3988,4660270
"May 09, 2015",0.000028,0.000029,0.000026,0.000027,2271,4751990
"May 08, 2015",0.000026,0.000029,0.000026,0.000028,4388,4499190
"May 07, 2015",0.000025,0.000027,0.000024,0.000026,6111,4293930
"May 06, 2015",0.000024,0.000027,0.000024,0.000025,7043,4218660
"May 05, 2015",0.000026,0.000026,0.000024,0.000024,5347,4448270
"May 04, 2015",0.000026,0.000028,0.000025,0.000026,6278,4556020
"May 03, 2015",0.000027,0.000027,0.000026,0.000026,4054,4613200
"May 02, 2015",0.000026,0.000029,0.000026,0.000027,7951,4536340
"May 01, 2015",0.000027,0.000029,0.000025,0.000027,8069,4585060
"Apr 30, 2015",0.000027,0.000028,0.000025,0.000027,5643,4595030
"Apr 29, 2015",0.000026,0.000027,0.000025,0.000027,8152,4530300
"Apr 28, 2015",0.000025,0.000029,0.000024,0.000026,5321,4314140
"Apr 27, 2015",0.000024,0.000027,0.000023,0.000025,5606,4141290
"Apr 26, 2015",0.000024,0.000024,0.000022,0.000024,5836,4102680
"Apr 25, 2015",0.000025,0.000025,0.000023,0.000024,6481,4353150
"Apr 24, 2015",0.000025,0.000026,0.000023,0.000025,6563,4226050
"Apr 23, 2015",0.000025,0.000026,0.000024,0.000025,6248,4236050
"Apr 22, 2015",0.000026,0.000028,0.000024,0.000025,6253,4419450
"Apr 21, 2015",0.000024,0.000027,0.000023,0.000026,11011,4178190
"Apr 20, 2015",0.000026,0.000027,0.000023,0.000024,5624,4386240
"Apr 19, 2015",0.000022,0.000028,0.000021,0.000026,6779,3797010
"Apr 18, 2015",0.000024,0.000024,0.000022,0.000022,4353,4056650
"Apr 17, 2015",0.000022,0.000027,0.000021,0.000024,10462,3780170
"Apr 16, 2015",0.000016,0.000025,0.000016,0.000022,12660,2690550
"Apr 15, 2015",0.000015,0.000018,0.000013,0.000016,130,2635040
"Apr 14, 2015",0.000016,0.000018,0.000013,0.000015,478,2699860
"Apr 13, 2015",0.000017,0.000021,0.000013,0.000016,328,2839340
"Apr 12, 2015",0.000021,0.000021,0.000017,0.000017,406,3653410
"Apr 11, 2015",0.000021,0.000024,0.000019,0.000019,275,3620110
"Apr 10, 2015",0.000028,0.000028,0.000019,0.000021,917,4727990
"Apr 09, 2015",0.000028,0.000030,0.000027,0.000028,6962,4854180
"Apr 08, 2015",0.000023,0.000033,0.000021,0.000028,11965,3954800
"Apr 07, 2015",0.000018,0.000026,0.000017,0.000023,11179,3133580
"Apr 06, 2015",0.000016,0.000019,0.000015,0.000018,7798,2690260
"Apr 05, 2015",0.000015,0.000016,0.000015,0.000016,2757,2652970
"Apr 04, 2015",0.000015,0.000017,0.000015,0.000015,5616,2573550
"Apr 03, 2015",0.000015,0.000017,0.000015,0.000015,3923,2644410
"Apr 02, 2015",0.000014,0.000016,0.000014,0.000015,6340,2460890
"Apr 01, 2015",0.000016,0.000017,0.000013,0.000014,4580,2701960
"Mar 31, 2015",0.000012,0.000018,0.000012,0.000016,9422,2091380
"Mar 30, 2015",0.000012,0.000013,0.000012,0.000012,3025,2101580
"Mar 29, 2015",0.000012,0.000014,0.000012,0.000012,4455,2121220
"Mar 28, 2015",0.000012,0.000013,0.000012,0.000012,1748,2109330
"Mar 27, 2015",0.000013,0.000013,0.000012,0.000012,548,2167690
"Mar 26, 2015",0.000013,0.000013,0.000012,0.000013,5187,2147890
"Mar 25, 2015",0.000014,0.000014,0.000012,0.000013,4587,2433210
"Mar 24, 2015",0.000013,0.000015,0.000012,0.000014,5893,2237980
"Mar 23, 2015",0.000013,0.000013,0.000012,0.000013,3890,2182170
"Mar 22, 2015",0.000012,0.000013,0.000012,0.000013,1670,2090880
"Mar 21, 2015",0.000013,0.000013,0.000012,0.000012,2326,2142210
"Mar 20, 2015",0.000011,0.000013,0.000011,0.000013,8868,1880950
"Mar 19, 2015",0.000011,0.000011,0.000010,0.000011,3606,1832170
"Mar 18, 2015",0.000012,0.000014,0.000010,0.000011,4600,2034450
"Mar 17, 2015",0.000012,0.000013,0.000012,0.000012,2549,2074680
"Mar 16, 2015",0.000012,0.000013,0.000012,0.000012,2202,2036100
"Mar 15, 2015",0.000011,0.000013,0.000011,0.000012,1400,1954870
"Mar 14, 2015",0.000011,0.000013,0.000011,0.000011,3807,1947640
"Mar 13, 2015",0.000012,0.000012,0.000011,0.000011,2120,2008330
"Mar 12, 2015",0.000012,0.000012,0.000011,0.000012,2175,2022930
"Mar 11, 2015",0.000012,0.000012,0.000011,0.000012,2353,1986650
"Mar 10, 2015",0.000012,0.000012,0.000011,0.000012,2674,1975100
"Mar 09, 2015",0.000011,0.000012,0.000011,0.000012,2312,1870510
"Mar 08, 2015",0.000011,0.000011,0.000010,0.000011,2077,1800440
"Mar 07, 2015",0.000010,0.000011,0.000010,0.000011,2210,1722020
"Mar 06, 2015",0.000011,0.000011,0.000010,0.000010,3167,1838390
"Mar 05, 2015",0.000011,0.000011,0.000010,0.000011,2481,1817250
"Mar 04, 2015",0.000010,0.000011,0.000010,0.000011,4283,1769550
"Mar 03, 2015",0.000010,0.000011,0.000010,0.000010,4348,1780350
"Mar 02, 2015",0.000010,0.000010,0.000010,0.000010,5358,1668300
"Mar 01, 2015",0.000010,0.000010,0.000009,0.000010,1132,1727490
"Feb 28, 2015",0.000010,0.000010,0.000009,0.000010,2143,1643320
"Feb 27, 2015",0.000009,0.000010,0.000009,0.000010,2736,1537220
"Feb 26, 2015",0.000009,0.000010,0.000009,0.000009,1063,1550080
"Feb 25, 2015",0.000009,0.000010,0.000008,0.000009,6468,1478410
"Feb 24, 2015",0.000010,0.000011,0.000007,0.000009,5701,1716670
"Feb 23, 2015",0.000010,0.000011,0.000010,0.000010,507,1662580
"Feb 22, 2015",0.000010,0.000011,0.000010,0.000010,293,1724320
"Feb 21, 2015",0.000010,0.000011,0.000010,0.000010,433,1732570
"Feb 20, 2015",0.000010,0.000011,0.000010,0.000010,3056,1735550
"Feb 19, 2015",0.000010,0.000010,0.000010,0.000010,1619,1681510
"Feb 18, 2015",0.000010,0.000011,0.000010,0.000010,3574,1775140
"Feb 17, 2015",0.000009,0.000011,0.000009,0.000010,4049,1601380
"Feb 16, 2015",0.000010,0.000010,0.000009,0.000009,75,1670680
"Feb 15, 2015",0.000011,0.000011,0.000010,0.000010,3051,1781500
"Feb 14, 2015",0.000010,0.000011,0.000010,0.000011,775,1715410
"Feb 13, 2015",0.000010,0.000011,0.000009,0.000010,5888,1616050
"Feb 12, 2015",0.000009,0.000010,0.000009,0.000010,3268,1591980
"Feb 11, 2015",0.000011,0.000011,0.000009,0.000009,2928,1870770
"Feb 10, 2015",0.000012,0.000012,0.000011,0.000011,3648,1949230
"Feb 09, 2015",0.000011,0.000012,0.000011,0.000011,3296,1915510
"Feb 08, 2015",0.000011,0.000012,0.000009,0.000011,675,1923390
"Feb 07, 2015",0.000011,0.000012,0.000011,0.000011,378,1880990
"Feb 06, 2015",0.000011,0.000012,0.000011,0.000011,1988,1861770
"Feb 05, 2015",0.000012,0.000012,0.000011,0.000011,4408,1950790
"Feb 04, 2015",0.000009,0.000012,0.000009,0.000012,5723,1574980
"Feb 03, 2015",0.000010,0.000010,0.000009,0.000009,1129,1650610
"Feb 02, 2015",0.000010,0.000010,0.000009,0.000010,2121,1626840
"Feb 01, 2015",0.000009,0.000010,0.000008,0.000010,5840,1494620
"Jan 31, 2015",0.000008,0.000009,0.000007,0.000009,2363,1300230
"Jan 30, 2015",0.000008,0.000009,0.000008,0.000008,2218,1410960
"Jan 29, 2015",0.000008,0.000009,0.000008,0.000008,1671,1418300
"Jan 28, 2015",0.000009,0.000010,0.000008,0.000008,4758,1526470
"Jan 27, 2015",0.000011,0.000011,0.000009,0.000009,4373,1917580
"Jan 26, 2015",0.000013,0.000015,0.000011,0.000011,5125,2201310
"Jan 25, 2015",0.000012,0.000014,0.000012,0.000013,2206,2044800
"Jan 24, 2015",0.000010,0.000012,0.000010,0.000012,5307,1648500
"Jan 23, 2015",0.000010,0.000011,0.000009,0.000010,5129,1706880
"Jan 22, 2015",0.000009,0.000010,0.000009,0.000010,1885,1553260
"Jan 21, 2015",0.000008,0.000009,0.000008,0.000009,2917,1389030
"Jan 20, 2015",0.000007,0.000008,0.000007,0.000008,2812,1181000
"Jan 19, 2015",0.000008,0.000009,0.000007,0.000007,1807,1424770
"Jan 18, 2015",0.000008,0.000010,0.000008,0.000008,2795,1373820
"Jan 17, 2015",0.000008,0.000008,0.000008,0.000008,1084,1338180
"Jan 16, 2015",0.000007,0.000009,0.000007,0.000008,3456,1193200
"Jan 15, 2015",0.000007,0.000009,0.000007,0.000007,1100,1188900
"Jan 14, 2015",0.000008,0.000008,0.000006,0.000007,1955,1317410
"Jan 13, 2015",0.000009,0.000009,0.000008,0.000008,4791,1481010
"Jan 12, 2015",0.000008,0.000009,0.000008,0.000009,3122,1424180
"Jan 11, 2015",0.000009,0.000009,0.000008,0.000008,1488,1521660
"Jan 10, 2015",0.000009,0.000010,0.000009,0.000009,4849,1554460
"Jan 09, 2015",0.000009,0.000010,0.000009,0.000009,4728,1552790
"Jan 08, 2015",0.000009,0.000011,0.000009,0.000009,4321,1525170
"Jan 07, 2015",0.000010,0.000010,0.000009,0.000009,1764,1683260
"Jan 06, 2015",0.000007,0.000010,0.000007,0.000010,5398,1242030
"Jan 05, 2015",0.000008,0.000008,0.000007,0.000007,1867,1328640
"Jan 04, 2015",0.000007,0.000008,0.000007,0.000008,3239,1225950
"Jan 03, 2015",0.000008,0.000008,0.000007,0.000007,5416,1363860
"Jan 02, 2015",0.000008,0.000009,0.000008,0.000008,8176,1368380
"Jan 01, 2015",0.000009,0.000010,0.000008,0.000008,2403,1553670
"Dec 31, 2014",0.000008,0.000009,0.000008,0.000009,3330,1347780
"Dec 30, 2014",0.000008,0.000009,0.000008,0.000008,3122,1358520
"Dec 29, 2014",0.000008,0.000009,0.000008,0.000008,5822,1330140
"Dec 28, 2014",0.000008,0.000009,0.000008,0.000008,3974,1371270
"Dec 27, 2014",0.000008,0.000009,0.000008,0.000008,2838,1409140
"Dec 26, 2014",0.000008,0.000009,0.000007,0.000008,4725,1278760
"Dec 25, 2014",0.000008,0.000008,0.000007,0.000008,4624,1289550
"Dec 24, 2014",0.000008,0.000008,0.000007,0.000007,4537,1341240
"Dec 23, 2014",0.000008,0.000009,0.000008,0.000008,2829,1276530
"Dec 22, 2014",0.000008,0.000008,0.000007,0.000008,4520,1333870
"Dec 21, 2014",0.000008,0.000008,0.000007,0.000008,7516,1369720
"Dec 20, 2014",0.000007,0.000008,0.000007,0.000008,7463,1203290
"Dec 19, 2014",0.000008,0.000008,0.000007,0.000008,5367,1372110
"Dec 18, 2014",0.000009,0.000009,0.000008,0.000008,6226,1437200
"Dec 17, 2014",0.000008,0.000009,0.000008,0.000009,4416,1413400
"Dec 16, 2014",0.000010,0.000010,0.000008,0.000008,5358,1666180
"Dec 15, 2014",0.000011,0.000011,0.000008,0.000010,4100,1750980
"Dec 14, 2014",0.000010,0.000011,0.000009,0.000011,5622,1614130
"Dec 13, 2014",0.000010,0.000010,0.000009,0.000010,6816,1604330
"Dec 12, 2014",0.000011,0.000011,0.000009,0.000010,4413,1838340
"Dec 11, 2014",0.000010,0.000011,0.000010,0.000011,4522,1661480
"Dec 10, 2014",0.000009,0.000010,0.000008,0.000010,6974,1465050
"Dec 09, 2014",0.000008,0.000009,0.000007,0.000009,4155,1385460
"Dec 08, 2014",0.000008,0.000009,0.000008,0.000008,3295,1372630
"Dec 07, 2014",0.000009,0.000009,0.000008,0.000009,2190,1434630
"Dec 06, 2014",0.000009,0.000009,0.000008,0.000009,2694,1504250
"Dec 05, 2014",0.000008,0.000009,0.000008,0.000009,4317,1377310
"Dec 04, 2014",0.000009,0.000009,0.000008,0.000009,4194,1498130
"Dec 03, 2014",0.000008,0.000009,0.000008,0.000009,6624,1326340
"Dec 02, 2014",0.000008,0.000009,0.000007,0.000008,2287,1316130
"Dec 01, 2014",0.000007,0.000008,0.000007,0.000008,717,1237010
"Nov 30, 2014",0.000007,0.000007,0.000007,0.000007,174,1090350
"Nov 29, 2014",0.000008,0.000008,0.000006,0.000007,108,1249280
"Nov 28, 2014",0.000007,0.000008,0.000007,0.000008,1918,1212230
"Nov 27, 2014",0.000007,0.000008,0.000007,0.000007,537,1208190
"Nov 26, 2014",0.000008,0.000008,0.000007,0.000007,713,1247350
"Nov 25, 2014",0.000008,0.000008,0.000007,0.000008,1308,1250160
"Nov 24, 2014",0.000008,0.000009,0.000007,0.000008,2574,1393480
"Nov 23, 2014",0.000008,0.000009,0.000008,0.000008,5145,1346420
"Nov 22, 2014",0.000009,0.000009,0.000008,0.000008,4975,1444290
"Nov 21, 2014",0.000009,0.000010,0.000008,0.000009,5611,1419520
"Nov 20, 2014",0.000009,0.000009,0.000008,0.000009,2744,1497650
"Nov 19, 2014",0.000009,0.000010,0.000008,0.000009,2332,1412480
"Nov 18, 2014",0.000010,0.000010,0.000008,0.000009,1154,1582170
"Nov 17, 2014",0.000010,0.000012,0.000009,0.000010,2675,1581410
"Nov 16, 2014",0.000009,0.000010,0.000009,0.000009,1930,1538870
"Nov 15, 2014",0.000010,0.000011,0.000009,0.000009,6791,1715240
"Nov 14, 2014",0.000011,0.000012,0.000009,0.000010,5063,1855320
"Nov 13, 2014",0.000012,0.000013,0.000009,0.000011,6958,2018090
"Nov 12, 2014",0.000011,0.000013,0.000011,0.000012,2001,1756900
"Nov 11, 2014",0.000011,0.000015,0.000010,0.000011,1261,1810810
"Nov 10, 2014",0.000011,0.000013,0.000011,0.000011,2576,1793840
"Nov 09, 2014",0.000011,0.000012,0.000010,0.000011,364,1762400
"Nov 08, 2014",0.000011,0.000012,0.000010,0.000011,2993,1742710
"Nov 07, 2014",0.000011,0.000011,0.000010,0.000010,4579,1782810
"Nov 06, 2014",0.000011,0.000012,0.000010,0.000011,5672,1843250
"Nov 05, 2014",0.000010,0.000012,0.000010,0.000011,7411,1688340
"Nov 04, 2014",0.000010,0.000011,0.000010,0.000010,5217,1722970
"Nov 03, 2014",0.000010,0.000011,0.000010,0.000010,2620,1661610
"Nov 02, 2014",0.000011,0.000011,0.000010,0.000010,5742,1770710
"Nov 01, 2014",0.000011,0.000012,0.000010,0.000011,4746,1838540
"Oct 31, 2014",0.000012,0.000012,0.000011,0.000011,4839,1913460
"Oct 30, 2014",0.000011,0.000012,0.000011,0.000011,1744,1873280
"Oct 29, 2014",0.000012,0.000012,0.000011,0.000011,1714,1933340
"Oct 28, 2014",0.000012,0.000013,0.000012,0.000012,570,1947000
"Oct 27, 2014",0.000012,0.000013,0.000011,0.000012,3630,1917330
"Oct 26, 2014",0.000012,0.000012,0.000011,0.000012,3593,1987260
"Oct 25, 2014",0.000012,0.000013,0.000011,0.000012,3004,1999920
"Oct 24, 2014",0.000013,0.000013,0.000011,0.000012,8167,2091020
"Oct 23, 2014",0.000014,0.000015,0.000012,0.000013,7165,2305130
"Oct 22, 2014",0.000015,0.000015,0.000014,0.000014,2383,2387080
"Oct 21, 2014",0.000013,0.000015,0.000013,0.000015,2882,2194310
"Oct 20, 2014",0.000013,0.000014,0.000012,0.000013,8773,2105510
"Oct 19, 2014",0.000013,0.000015,0.000012,0.000014,9484,2116070
"Oct 18, 2014",0.000013,0.000015,0.000012,0.000013,9434,2135600
"Oct 17, 2014",0.000015,0.000015,0.000012,0.000013,8009,2380200
"Oct 16, 2014",0.000015,0.000015,0.000013,0.000014,5096,2375770
"Oct 15, 2014",0.000015,0.000019,0.000013,0.000015,7489,2445390
"Oct 14, 2014",0.000016,0.000016,0.000015,0.000015,3029,2556730
"Oct 13, 2014",0.000015,0.000016,0.000014,0.000015,3456,2384030
"Oct 12, 2014",0.000014,0.000015,0.000014,0.000015,1034,2360020
"Oct 11, 2014",0.000014,0.000015,0.000014,0.000014,1517,2358400
"Oct 10, 2014",0.000014,0.000014,0.000013,0.000014,3961,2207330
"Oct 09, 2014",0.000013,0.000014,0.000013,0.000014,1767,2188770
"Oct 08, 2014",0.000013,0.000014,0.000012,0.000013,4257,2083780
"Oct 07, 2014",0.000012,0.000013,0.000012,0.000013,1770,1988890
"Oct 06, 2014",0.000013,0.000014,0.000011,0.000012,4773,2081100
"Oct 05, 2014",0.000014,0.000014,0.000012,0.000012,3162,2247680
"Oct 04, 2014",0.000014,0.000015,0.000014,0.000014,5965,2347080
"Oct 03, 2014",0.000015,0.000016,0.000013,0.000014,5512,2445830
"Oct 02, 2014",0.000015,0.000017,0.000015,0.000015,5124,2499330
"Oct 01, 2014",0.000016,0.000016,0.000015,0.000016,7699,2586640
"Sep 30, 2014",0.000016,0.000016,0.000015,0.000016,9032,2570510
"Sep 29, 2014",0.000015,0.000016,0.000015,0.000016,3489,2453770
"Sep 28, 2014",0.000016,0.000017,0.000015,0.000015,3696,2599450
"Sep 27, 2014",0.000017,0.000017,0.000016,0.000016,4715,2752940
"Sep 26, 2014",0.000017,0.000017,0.000016,0.000017,11399,2804290
"Sep 25, 2014",0.000018,0.000019,0.000016,0.000017,10739,2987810
"Sep 24, 2014",0.000018,0.000019,0.000018,0.000018,15137,2968210
"Sep 23, 2014",0.000016,0.000018,0.000016,0.000018,8519,2666880
"Sep 22, 2014",0.000017,0.000018,0.000016,0.000016,8510,2713770
"Sep 21, 2014",0.000016,0.000018,0.000015,0.000017,9887,2648710
"Sep 20, 2014",0.000017,0.000018,0.000016,0.000016,5314,2715480
"Sep 19, 2014",0.000020,0.000020,0.000013,0.000017,16260,3214730
"Sep 18, 2014",0.000016,0.000020,0.000013,0.000020,9654,2661310
"Sep 17, 2014",0.000017,0.000017,0.000016,0.000016,4201,2758840
"Sep 16, 2014",0.000017,0.000018,0.000016,0.000017,1653,2798430
"Sep 15, 2014",0.000017,0.000018,0.000017,0.000017,6129,2698560
"Sep 14, 2014",0.000017,0.000018,0.000017,0.000017,3803,2775040
"Sep 13, 2014",0.000018,0.000019,0.000017,0.000017,5952,2855480
"Sep 12, 2014",0.000017,0.000019,0.000017,0.000018,5229,2788590
"Sep 11, 2014",0.000019,0.000019,0.000017,0.000017,4560,3018290
"Sep 10, 2014",0.000018,0.000019,0.000017,0.000017,4707,2836530
"Sep 09, 2014",0.000018,0.000019,0.000016,0.000018,3567,2845270
"Sep 08, 2014",0.000017,0.000018,0.000016,0.000018,3499,2786110
"Sep 07, 2014",0.000018,0.000018,0.000015,0.000018,1913,2979410
"Sep 06, 2014",0.000018,0.000019,0.000017,0.000018,3216,2854060
"Sep 05, 2014",0.000019,0.000019,0.000016,0.000018,3794,3092540
"Sep 04, 2014",0.000016,0.000022,0.000016,0.000018,13517,2659540
"Sep 03, 2014",0.000018,0.000019,0.000016,0.000017,3870,2865620
"Sep 02, 2014",0.000017,0.000019,0.000016,0.000018,703,2767750
"Sep 01, 2014",0.000016,0.000020,0.000016,0.000017,1135,2607540
"Aug 31, 2014",0.000018,0.000020,0.000016,0.000016,4507,2829310
"Aug 30, 2014",0.000019,0.000019,0.000018,0.000018,958,3023300
"Aug 29, 2014",0.000021,0.000023,0.000018,0.000019,9769,3322730
"Aug 28, 2014",0.000023,0.000023,0.000021,0.000021,2264,3736180
"Aug 27, 2014",0.000021,0.000025,0.000021,0.000023,4623,3432850
"Aug 26, 2014",0.000023,0.000025,0.000021,0.000021,4730,3770280
"Aug 25, 2014",0.000021,0.000025,0.000021,0.000023,1373,3417650
"Aug 24, 2014",0.000023,0.000024,0.000021,0.000021,46,3771490
"Aug 23, 2014",0.000027,0.000029,0.000020,0.000023,4583,4271750
"Aug 22, 2014",0.000023,0.000030,0.000017,0.000027,13695,3658120
"Aug 21, 2014",0.000016,0.000023,0.000016,0.000023,1763,2549710
"Aug 20, 2014",0.000018,0.000020,0.000016,0.000016,2696,2944160
"Aug 19, 2014",0.000018,0.000019,0.000018,0.000018,6566,2848380
"Aug 18, 2014",0.000017,0.000020,0.000014,0.000018,2381,2685790
"Aug 17, 2014",0.000026,0.000026,0.000016,0.000017,3676,4127750
"Aug 16, 2014",0.000023,0.000027,0.000020,0.000026,3894,3633970
"Aug 15, 2014",0.000021,0.000025,0.000020,0.000023,5821,3342750
"Aug 14, 2014",0.000017,0.000024,0.000015,0.000021,5393,2648230
"Aug 13, 2014",0.000016,0.000021,0.000011,0.000017,1735,2529190
"Aug 12, 2014",0.000012,0.000017,0.000011,0.000016,15690,1935790
"Aug 11, 2014",0.000013,0.000020,0.000012,0.000012,899,2112540
"Aug 10, 2014",0.000016,0.000018,0.000012,0.000013,632,2618310
"Aug 09, 2014",0.000018,0.000022,0.000012,0.000016,2552,2835010
"Aug 08, 2014",0.000017,0.000021,0.000017,0.000018,1019,2729870
"Aug 07, 2014",0.000018,0.000021,0.000017,0.000017,1109,2794180
"Aug 06, 2014",0.000017,0.000020,0.000016,0.000018,7420,2771680
"Aug 05, 2014",0.000019,0.000020,0.000017,0.000017,706,3072880
"Aug 04, 2014",0.000023,0.000024,0.000019,0.000019,7626,3731270
"Aug 03, 2014",0.000024,0.000024,0.000022,0.000023,3149,3743580
"Aug 02, 2014",0.000024,0.000026,0.000021,0.000024,1724,3783140
"Aug 01, 2014",0.000020,0.000028,0.000019,0.000024,2175,3120220
"Jul 31, 2014",0.000025,0.000025,0.000020,0.000020,1229,3977150
"Jul 30, 2014",0.000023,0.000027,0.000023,0.000025,5572,3701550
"Jul 29, 2014",0.000024,0.000029,0.000023,0.000023,2535,3761000
"Jul 28, 2014",0.000024,0.000030,0.000023,0.000024,655,3770510
"Jul 27, 2014",0.000024,0.000030,0.000024,0.000024,329,3813420
"Jul 26, 2014",0.000030,0.000030,0.000024,0.000024,618,4757390
"Jul 25, 2014",0.000030,0.000036,0.000024,0.000030,1931,4765710
"Jul 24, 2014",0.000031,0.000031,0.000030,0.000030,2827,4905460
"Jul 23, 2014",0.000031,0.000037,0.000031,0.000031,1449,4919050
"Jul 22, 2014",0.000031,0.000037,0.000031,0.000031,1748,4923530
"Jul 21, 2014",0.000037,0.000044,0.000025,0.000031,7383,5922150
"Jul 20, 2014",0.000038,0.000044,0.000037,0.000037,2142,5964340
"Jul 19, 2014",0.000038,0.000044,0.000038,0.000038,650,5971260
"Jul 18, 2014",0.000037,0.000044,0.000037,0.000038,1946,5899400
"Jul 17, 2014",0.000037,0.000049,0.000037,0.000037,1098,5851570
"Jul 16, 2014",0.000044,0.000050,0.000037,0.000037,1387,6872480
"Jul 15, 2014",0.000050,0.000050,0.000043,0.000044,1100,7815600
"Jul 14, 2014",0.000038,0.000056,0.000037,0.000050,7401,5925250
"Jul 13, 2014",0.000044,0.000050,0.000038,0.000038,4226,6993010
"Jul 12, 2014",0.000051,0.000063,0.000044,0.000044,4235,7959760
"Jul 11, 2014",0.000049,0.000062,0.000043,0.000051,10528,7760190
"Jul 10, 2014",0.000031,0.000056,0.000031,0.000049,12453,4916300
"Jul 09, 2014",0.000044,0.000044,0.000031,0.000031,1022,6879050
"Jul 08, 2014",0.000037,0.000044,0.000031,0.000044,3122,5871570
"Jul 07, 2014",0.000045,0.000050,0.000037,0.000037,3244,6991590
"Jul 06, 2014",0.000044,0.000051,0.000044,0.000044,3619,6939720
"Jul 05, 2014",0.000050,0.000057,0.000044,0.000044,2308,7910050
"Jul 04, 2014",0.000039,0.000057,0.000039,0.000050,11741,6071930
"Jul 03, 2014",0.000046,0.000046,0.000038,0.000039,2646,7142670
"Jul 02, 2014",0.000051,0.000051,0.000032,0.000046,2441,8028330
"Jul 01, 2014",0.000051,0.000053,0.000039,0.000051,3807,8058680
"Jun 30, 2014",0.000054,0.000063,0.000050,0.000051,5260,8494400
"Jun 29, 2014",0.000054,0.000060,0.000054,0.000054,2763,8400930
"Jun 28, 2014",0.000060,0.000060,0.000054,0.000054,2040,9374630
"Jun 27, 2014",0.000058,0.000065,0.000058,0.000060,1567,9089320
"Jun 26, 2014",0.000057,0.000069,0.000051,0.000058,9498,8858100
"Jun 25, 2014",0.000064,0.000069,0.000057,0.000057,6862,10011100
"Jun 24, 2014",0.000083,0.000083,0.000058,0.000058,16144,12991300
"Jun 23, 2014",0.000078,0.000084,0.000076,0.000083,5535,12226800
"Jun 22, 2014",0.000059,0.000084,0.000059,0.000078,18882,9287680
"Jun 21, 2014",0.000065,0.000066,0.000059,0.000060,9797,10197900
"Jun 20, 2014",0.000066,0.000072,0.000059,0.000065,9531,10262500
"Jun 19, 2014",0.000067,0.000079,0.000061,0.000066,11923,10424400
"Jun 18, 2014",0.000055,0.000073,0.000049,0.000067,14531,8572420
"Jun 17, 2014",0.000065,0.000065,0.000060,0.000060,2593,10175300
